# MAE, RMSE, Accuracy, Similarity, Name
1.3728394481870863,1.863633657437689,96.35208333333333,90.85154994097422,Julian Maurer
